,Date,Name,Year,Letterboxd URI,Rating,Rewatch,Tags,Watched Date,Genre,Language,Runtime,Color Palette,GenreNames,LanguageName,Palette Cluster,PCA1,PCA2
2,2023-07-25,Spider-Man: Across the Spider-Verse,2023.0,https://boxd.it/4zYcj7,5.0,,"in theaters, ella, richland",2023-07-24,"[16, 28, 12, 878]",en,140,"[233, 169, 113, 156, 71, 87, 58, 14, 36]","['Animation', 'Action', 'Adventure', 'Science Fiction']",English,6,20.025332831610626,63.138958509390996
3,2023-07-25,Tusk,2014.0,https://boxd.it/4zYweV,2.5,,nyc,2023-07-24,"[35, 27]",en,102,"[200, 92, 87, 152, 35, 31, 49, 18, 15]","['Comedy', 'Horror']",English,1,-73.66844827459391,89.18704618133773
4,2023-07-25,Nope,2022.0,https://boxd.it/4zYV47,4.5,,,2023-07-24,"[27, 878]",en,130,"[33, 68, 122, 9, 30, 61, 4, 11, 19]","['Horror', 'Science Fiction']",English,4,-170.8146041755949,-95.39599866936896
5,2023-07-29,X,2022.0,https://boxd.it/4BqNTL,4.5,,"nyc, alone</3",2023-07-27,"[27, 53]",en,106,"[158, 100, 79, 92, 43, 31, 30, 16, 13]","['Horror', 'Thriller']",English,4,-109.13207196263852,36.51537543678591
6,2023-08-04,Talk to Me,2022.0,https://boxd.it/4DG6NF,2.5,,"in theaters, nyc",2023-08-03,[27],en,95,"[28, 35, 37, 8, 13, 16, 7, 12, 15]",['Horror'],English,4,-240.62845510184604,-35.332434154868494
7,2023-08-04,Paddington,2014.0,https://boxd.it/4DGf6F,3.5,,"scropps, golda",2023-08-03,"[35, 12, 10751]",en,95,"[155, 174, 189, 86, 115, 171, 51, 46, 66]","['Comedy', 'Adventure', 'Family']",English,0,67.84292454435001,-82.26061688043073
8,2023-08-04,Shrek,2001.0,https://boxd.it/4DGiF9,2.0,,seb,2023-08-03,"[16, 35, 14, 12, 10751]",en,90,"[203, 219, 119, 96, 183, 76, 59, 100, 45]","['Animation', 'Comedy', 'Fantasy', 'Adventure', 'Family']",English,6,76.10534558864668,13.432343317872352
9,2023-08-06,The Super Mario Bros. Movie,2023.0,https://boxd.it/4EsnvJ,2.5,,"airplane, alone</3",2023-08-05,"[10751, 35, 12, 16, 14]",en,93,"[168, 170, 147, 126, 82, 92, 84, 25, 68]","['Family', 'Comedy', 'Adventure', 'Animation', 'Fantasy']",English,6,24.735652900503567,7.952026734533792
10,2023-08-07,Barbie,2023.0,https://boxd.it/4EQxJp,2.5,,"in theaters, nyc",2023-08-06,"[35, 12]",en,114,"[240, 229, 232, 84, 210, 253, 177, 146, 196]","['Comedy', 'Adventure']",English,2,282.85346085373857,-90.98366861609503
11,2023-08-11,Bodies Bodies Bodies,2022.0,https://boxd.it/4FZnzh,4.0,,"seb, alone</3",2023-08-10,"[27, 35, 9648]",en,94,"[97, 103, 111, 21, 20, 26, 4, 3, 4]","['Horror', 'Comedy', 'Mystery']",English,4,-163.94179011694473,-47.26669041024297
12,2023-08-18,Mad Max: Fury Road,2015.0,https://boxd.it/4Ip7bX,4.0,,"seb, james, james's entire family",2023-08-17,"[28, 12, 878]",en,121,"[201, 214, 158, 111, 132, 98, 31, 30, 38]","['Action', 'Adventure', 'Science Fiction']",English,6,55.91551405508204,-13.206669459143173
13,2023-09-09,Bottoms,2023.0,https://boxd.it/4OT3FD,4.5,,"in theaters, scropps, ella",2023-09-08,[35],en,91,"[245, 245, 245, 237, 239, 238, 129, 108, 104]",['Comedy'],English,2,318.27329326662556,-0.21916428375191543
14,2023-12-21,The Babadook,2014.0,https://boxd.it/5mz5in,4.0,,ucla,2023-12-20,"[18, 27]",en,94,"[158, 167, 181, 43, 49, 69, 17, 8, 13]","['Drama', 'Horror']",English,3,-53.77138770356362,-65.24055442380397
15,2023-12-26,Ex Machina,2015.0,https://boxd.it/5p0I4L,2.0,,"seb, parents",2023-12-25,"[18, 878]",en,108,"[159, 104, 105, 25, 20, 21, 5, 4, 4]","['Drama', 'Science Fiction']",English,4,-148.10395467306628,-18.783623764531725
16,2023-12-27,Wonka,2023.0,https://boxd.it/5pDMib,0.5,,,2023-12-26,"[35, 10751, 14]",en,117,"[212, 168, 138, 146, 86, 67, 90, 24, 25]","['Comedy', 'Family', 'Fantasy']",English,6,24.021394380416154,58.28806811679011
17,2023-12-28,Saltburn,2023.0,https://boxd.it/5qbQtb,4.0,,"seb, bee",2023-12-27,"[18, 35, 53]",en,131,"[155, 124, 92, 74, 43, 38, 33, 16, 16]","['Drama', 'Comedy', 'Thriller']",English,3,-99.17517297341672,14.829629755335041
18,2024-01-07,Past Lives,2023.0,https://boxd.it/5wySxJ,,,,2024-01-06,"[18, 10749]",en,106,"[153, 149, 132, 113, 104, 91, 53, 52, 55]","['Drama', 'Romance']",English,6,8.396022984142348,-4.3519422665238885
19,2024-04-03,Love Songs,2007.0,https://boxd.it/6cvap9,2.0,,"scropps, elle",2024-04-02,"[18, 10749]",fr,91,"[254, 215, 59, 107, 101, 100, 11, 4, 7]","['Drama', 'Romance']",French,6,6.2536015568439325,48.45182054571148
20,2024-04-14,The Rocky Horror Picture Show,1975.0,https://boxd.it/6h5ZHB,4.0,,,2024-04-14,"[35, 878, 14, 27]",en,100,"[130, 88, 90, 117, 16, 14, 2, 0, 1]","['Comedy', 'Science Fiction', 'Fantasy', 'Horror']",English,4,-140.77586618498268,36.626034615225976
21,2024-05-23,Challengers,2024.0,https://boxd.it/6wNqDd,3.0,,"in theaters, seb, rachel",2024-05-22,"[18, 10749]",en,132,"[201, 171, 148, 135, 110, 98, 78, 54, 44]","['Drama', 'Romance']",English,6,53.28112695275644,23.533637002504264
22,2024-05-27,Furiosa: A Mad Max Saga,2024.0,https://boxd.it/6ydpAD,4.0,,"in theaters, james, seb, james's entire family",2024-05-26,"[28, 878, 12]",en,149,"[157, 182, 134, 165, 132, 81, 85, 26, 14]","['Action', 'Science Fiction', 'Adventure']",English,6,42.787600411176584,46.58929456984081
23,2024-06-09,The Cat Returns,2002.0,https://boxd.it/6DNCal,5.0,,"roomies, chi",2024-06-08,"[12, 14, 16, 18, 10751]",ja,75,"[193, 218, 215, 106, 164, 182, 54, 117, 140]","['Adventure', 'Fantasy', 'Animation', 'Drama', 'Family']",Japanese,0,169.02308032599882,-89.24068923405167
24,2024-06-19,Inside Out 2,2024.0,https://boxd.it/6HH8LP,2.0,,"roomies, chi, in theaters",2024-06-18,"[16, 12, 35, 10751]",en,97,"[188, 194, 180, 121, 105, 123, 75, 31, 46]","['Animation', 'Adventure', 'Comedy', 'Family']",English,6,66.98923925008108,-17.016827156356545
25,2024-07-02,A Quiet Place,2018.0,https://boxd.it/6MWlZb,2.5,,"roomies, chi",2024-07-01,"[27, 18, 878]",en,91,"[69, 86, 79, 23, 32, 34, 8, 6, 11]","['Horror', 'Drama', 'Science Fiction']",English,4,-176.25000533701018,-42.001943674867725
26,2024-07-07,MaXXXine,2024.0,https://boxd.it/6P4wmN,4.5,,"roomies, chi, in theaters",2024-07-07,"[27, 53]",en,103,"[204, 154, 115, 77, 30, 10, 32, 9, 3]","['Horror', 'Thriller']",English,3,-87.9966271509171,32.968369294268605
27,2024-07-13,The Strangers,2008.0,https://boxd.it/6RIfCn,2.0,,"roomies, chi",2024-07-12,"[27, 53]",en,86,"[144, 90, 44, 51, 24, 7, 11, 3, 1]","['Horror', 'Thriller']",English,4,-172.44174911657888,29.971211418995452
28,2024-07-14,Shiva Baby,2020.0,https://boxd.it/6ScE83,4.0,,"roomies, chi",2024-07-13,"[35, 18]",en,78,"[208, 177, 149, 122, 105, 89, 38, 20, 42]","['Comedy', 'Drama']",English,6,29.79722267641148,7.652783993240533
29,2024-07-17,Longlegs,2024.0,https://boxd.it/6TAQ45,3.0,,"in theaters, roomies, chi",2024-07-16,"[80, 27, 53]",en,101,"[109, 78, 40, 52, 38, 30, 37, 20, 22]","['Crime', 'Horror', 'Thriller']",English,4,-157.2726504213073,17.609762788420085
30,2024-07-20,Spring Breakers,2012.0,https://boxd.it/6URS9T,3.5,,"chi, roomies",2024-07-19,"[18, 80]",en,94,"[223, 186, 168, 138, 66, 86, 31, 11, 21]","['Drama', 'Crime']",English,6,22.59471387976106,15.184130256486135
31,2024-07-24,Twisters,2024.0,https://boxd.it/6WMXrL,3.0,,"in theaters, roomies, chi",2024-07-23,"[28, 53]",en,123,"[168, 167, 162, 98, 98, 93, 43, 44, 42]","['Action', 'Thriller']",English,6,15.259345638556113,-25.705908611498653
32,2024-07-25,Love Lies Bleeding,2024.0,https://boxd.it/6XdLef,4.0,,"roomies, chi",2024-07-24,"[80, 10749, 53, 18]",en,104,"[120, 62, 49, 28, 3, 18, 8, 0, 13]","['Crime', 'Romance', 'Thriller', 'Drama']",English,4,-199.62214935186773,0.2633720123407528
33,2024-07-28,Bottoms,2023.0,https://boxd.it/6YCKal,4.5,Yes,"roomies, chi",2024-07-27,[35],en,91,"[245, 245, 245, 237, 239, 238, 129, 108, 104]",['Comedy'],English,2,318.27329326662556,-0.21916428375191543
34,2024-07-30,Five Nights at Freddy's,2023.0,https://boxd.it/6ZwD5F,2.0,,"roomies, chi",2024-07-29,"[27, 53]",en,110,"[79, 34, 47, 27, 1, 29, 22, 0, 24]","['Horror', 'Thriller']",English,4,-212.9674043801486,-12.915967577131507
35,2024-08-04,Your Name.,2016.0,https://boxd.it/71p9Ll,3.0,,chi,2024-08-03,"[16, 10749, 18]",ja,106,"[181, 211, 222, 42, 174, 227, 31, 95, 138]","['Animation', 'Romance', 'Drama']",Japanese,0,155.75422223941518,-159.10109853161018
36,2024-08-05,Kneecap,2024.0,https://boxd.it/723pPN,4.5,,"seb, in theaters, parents",2024-08-04,"[10402, 35, 18]",ga,105,"[212, 221, 53, 112, 110, 55, 30, 22, 19]","['Music', 'Comedy', 'Drama']",Irish,6,-8.531948527823715,61.273327926142535
37,2024-08-10,Smiling Friends,2020.0,https://boxd.it/73XG9P,5.0,,"chi, roomies",2024-08-09,"[35, 10749, 10770]",en,95,"[251, 251, 192, 132, 215, 240, 161, 151, 162]","['Comedy', 'Romance', 'TV Movie']",English,2,284.5135434414976,-35.185579272171054
38,2024-08-16,The Battle Wizard,1977.0,https://boxd.it/76U8ch,4.0,,"seb, james",2024-08-15,"[28, 14]",zh,77,"[104, 116, 146, 60, 27, 45, 6, 5, 15]","['Action', 'Fantasy']",Mandarin,3,-116.48586627822826,-48.03268576055225
39,2024-08-18,Alien: Romulus,2024.0,https://boxd.it/77QAGb,3.0,,"seb, in theaters, james, james's entire family",2024-08-17,"[27, 878]",en,119,"[225, 47, 40, 122, 18, 15, 101, 13, 12]","['Horror', 'Science Fiction']",English,1,-113.69611827202343,129.73115959488396
40,2024-09-03,In the Mood for Love,2000.0,https://boxd.it/7ff8An,4.0,,"daisy, scropps",2024-09-02,"[18, 10749]",cn,98,"[186, 102, 57, 182, 29, 36, 151, 22, 27]","['Drama', 'Romance']",Cantonese,1,-46.64076706683471,146.82878420453684
41,2024-09-03,Blink Twice,2024.0,https://boxd.it/7ftGAT,2.0,,"in theaters, scropps",2024-09-02,"[9648, 53]",en,102,"[207, 162, 95, 56, 29, 16, 1, 0, 0]","['Mystery', 'Thriller']",English,3,-106.43906255931486,18.45534535057368
42,2024-09-06,Parasite,2019.0,https://boxd.it/7gGmgf,5.0,,"daisy, scropps",2024-09-05,"[35, 53, 18]",ko,133,"[149, 190, 168, 73, 133, 92, 23, 46, 43]","['Comedy', 'Thriller', 'Drama']",Korean,6,22.402166229812337,-58.132902920899475
43,2024-09-07,Beetlejuice Beetlejuice,2024.0,https://boxd.it/7h3OXR,2.5,,"aimee, scropps, in theaters",2024-09-06,"[35, 14, 27]",en,105,"[125, 127, 117, 24, 57, 85, 5, 24, 40]","['Comedy', 'Fantasy', 'Horror']",English,3,-89.45847586311905,-69.17270666028983
44,2024-09-14,The Handmaiden,2016.0,https://boxd.it/7k9hDX,5.0,,"scropps, daisy",2024-09-13,"[53, 18, 10749]",ko,145,"[198, 190, 183, 65, 58, 64, 3, 3, 7]","['Thriller', 'Drama', 'Romance']",Korean,3,-29.06111236919992,-42.80659416109735
45,2024-09-16,Pearl,2022.0,https://boxd.it/7li0DN,4.0,Yes,scropps,2024-09-16,"[27, 53]",en,102,"[167, 144, 127, 171, 41, 33, 72, 12, 12]","['Horror', 'Thriller']",English,1,-36.89437141662086,74.24744235470308
46,2024-10-02,Beetlejuice,1988.0,https://boxd.it/7sdFxJ,4.0,,"scropps, alone</3",2024-10-01,"[14, 35]",en,92,"[169, 155, 164, 49, 62, 99, 13, 21, 33]","['Fantasy', 'Comedy']",English,3,-33.541001125473485,-65.39055961459897
47,2024-10-03,Over the Garden Wall,2014.0,https://boxd.it/7sEAqH,5.0,,"elle, scropps",2024-10-02,[],en,150,"[232, 204, 148, 157, 131, 91, 30, 22, 17]",[],English,6,64.76611804723638,36.13284566436122
48,2024-10-10,X,2022.0,https://boxd.it/7vSOWR,4.5,Yes,"scropps, emma",2024-10-08,"[27, 53]",en,106,"[158, 100, 79, 92, 43, 31, 30, 16, 13]","['Horror', 'Thriller']",English,4,-109.13207196263852,36.51537543678591
49,2024-10-13,Let It Shine,2012.0,https://boxd.it/7xwjil,4.0,,"scropps, emma",2024-10-12,"[10751, 10402, 10770]",en,104,"[225, 166, 102, 149, 69, 44, 42, 12, 49]","['Family', 'Music', 'TV Movie']",English,6,-10.707968134342025,70.620187792716
50,2024-10-20,The Wild Robot,2024.0,https://boxd.it/7B5dCh,3.0,,"scropps, in theaters, emma",2024-10-19,"[16, 878, 10751, 18]",en,102,"[115, 97, 50, 40, 40, 35, 22, 21, 23]","['Animation', 'Science Fiction', 'Family', 'Drama']",English,4,-149.75015613677937,-0.6921855999434037
51,2024-10-25,Fear Street: 1994,2021.0,https://boxd.it/7DDyBP,4.0,,"scropps, daisy",2024-10-24,"[27, 9648]",en,108,"[70, 65, 135, 49, 14, 76, 29, 3, 39]","['Horror', 'Mystery']",English,4,-134.65728088352492,-65.82279292694412
52,2024-10-29,Showgirls,1995.0,https://boxd.it/7FT5S3,4.0,,"aimee, paris, scropps, claire",2024-10-29,[18],en,131,"[126, 91, 84, 53, 12, 20, 55, 10, 18]",['Drama'],English,4,-147.29688324900405,12.621834753482545
53,2024-11-04,Beetlejuice,1988.0,https://boxd.it/7ILoXx,4.0,Yes,"scropps, emma",2024-11-02,"[14, 35]",en,92,"[169, 155, 164, 49, 62, 99, 13, 21, 33]","['Fantasy', 'Comedy']",English,3,-33.541001125473485,-65.39055961459897
54,2024-11-17,Anora,2024.0,https://boxd.it/7PmthT,4.5,,"paris, claire, scropps, in theaters",2024-11-16,"[18, 35, 10749]",en,139,"[229, 199, 196, 178, 97, 97, 86, 39, 57]","['Drama', 'Comedy', 'Romance']",English,6,98.42417232839233,34.54998868578578
55,2024-11-26,Last Night in Soho,2021.0,https://boxd.it/7U7U8p,3.0,Yes,"scropps, tay",2024-11-25,"[27, 9648]",en,116,"[122, 136, 185, 60, 47, 98, 21, 20, 45]","['Horror', 'Mystery']",English,3,-45.72562500381565,-82.68615794806118
56,2024-11-29,Woman of the Hour,2023.0,https://boxd.it/7VxUt9,2.5,,"seb, alone</3",2024-11-29,"[80, 18, 53]",en,95,"[203, 140, 96, 57, 36, 31, 12, 10, 10]","['Crime', 'Drama', 'Thriller']",English,3,-98.21918414686851,14.72410606988197
57,2024-12-13,The Substance,2024.0,https://boxd.it/82tX9L,3.5,,"seb, alone</3",2024-12-12,"[18, 27, 878]",en,141,"[239, 238, 243, 213, 212, 218, 164, 156, 160]","['Drama', 'Horror', 'Science Fiction']",English,2,313.78172919432956,-5.203785151457389
58,2024-12-16,Blow-Up,1966.0,https://boxd.it/849nOV,3.0,,"seb, alone</3",2024-12-15,"[18, 9648, 53]",en,111,"[243, 240, 221, 241, 242, 221, 230, 86, 85]","['Drama', 'Mystery', 'Thriller']",English,2,318.2545604535681,57.4494488442276
59,2024-12-16,Red Rooms,2023.0,https://boxd.it/84eL43,4.5,,"seb, alone</3",2024-12-15,"[53, 80]",fr,118,"[162, 83, 50, 75, 38, 30, 33, 20, 18]","['Thriller', 'Crime']",French,4,-130.25736305898533,43.42656988287242
60,2024-12-17,Priscilla,2023.0,https://boxd.it/84LcKT,3.0,,"seb, alone</3",2024-12-16,"[18, 10749, 10402]",en,113,"[189, 191, 184, 94, 78, 65, 43, 38, 31]","['Drama', 'Romance', 'Music']",English,6,11.042576153079438,-20.32654229794963
61,2024-12-18,Over the Garden Wall,2014.0,https://boxd.it/85f45N,5.0,Yes,"seb, rachel",2024-12-17,[],en,150,"[232, 204, 148, 157, 131, 91, 30, 22, 17]",[],English,6,64.76611804723638,36.13284566436122
62,2024-12-18,I Saw the TV Glow,2024.0,https://boxd.it/85iw4p,5.0,,"seb, alone</3",2024-12-18,"[18, 27, 14]",en,100,"[109, 51, 98, 16, 2, 8, 6, 0, 3]","['Drama', 'Horror', 'Fantasy']",English,4,-201.71905108331077,-28.830853386759028
63,2024-12-19,We're All Going to the World's Fair,2021.0,https://boxd.it/85JHc9,4.5,,"seb, alone</3",2024-12-18,"[18, 27]",en,86,"[98, 98, 152, 33, 48, 77, 17, 20, 34]","['Drama', 'Horror']",English,3,-99.19512648907417,-79.9568522506951
64,2024-12-19,Antiporno,2016.0,https://boxd.it/85MOzF,,,"seb, alone</3",2024-12-18,"[18, 9648]",ja,76,"[250, 233, 221, 246, 202, 171, 181, 33, 34]","['Drama', 'Mystery']",Japanese,2,246.1651229113399,74.98664936884123
65,2024-12-25,Titane,2021.0,https://boxd.it/89Emop,4.5,,"seb, alone</3",2024-12-24,"[18, 53, 27]",fr,108,"[185, 111, 76, 75, 52, 107, 173, 23, 93]","['Drama', 'Thriller', 'Horror']",French,1,-15.685385174264525,41.66486628029613
66,2024-12-25,All of Us Strangers,2023.0,https://boxd.it/89IsDj,3.0,,"seb, parents",2024-12-24,"[10749, 18, 14]",en,105,"[85, 94, 118, 7, 32, 57, 3, 18, 35]","['Romance', 'Drama', 'Fantasy']",English,4,-144.92685596446464,-80.21360239122855
67,2024-12-26,Poor Things,2023.0,https://boxd.it/8aEGFJ,2.5,,"seb, alone</3",2024-12-25,"[878, 10749, 35]",en,141,"[220, 220, 218, 166, 184, 198, 105, 102, 103]","['Science Fiction', 'Romance', 'Comedy']",English,2,217.50276299874275,-28.54223626298703
68,2024-12-28,The Worst Person in the World,2021.0,https://boxd.it/8bW9Ur,3.0,,"seb, alone</3",2024-12-27,"[18, 10749, 35]",no,128,"[171, 161, 159, 105, 98, 77, 51, 45, 39]","['Drama', 'Romance', 'Comedy']",Norwegian,6,10.019093477554975,-9.341975920299792
69,2024-12-28,Dinner in America,2020.0,https://boxd.it/8cbRez,3.5,,"seb, alone</3",2024-12-27,"[10749, 35, 10402]",en,106,"[223, 229, 216, 220, 226, 213, 132, 132, 126]","['Romance', 'Comedy', 'Music']",English,2,283.7768784671194,4.111280927760955
70,2024-12-28,Monster,2023.0,https://boxd.it/8ci5DP,4.5,,"seb, parents",2024-12-27,"[53, 27]",xx,84,"[137, 113, 67, 53, 49, 46, 43, 22, 21]","['Thriller', 'Horror']",No Language,4,-113.57070809448231,8.444234769364058
71,2024-12-28,Paris Is Burning,1990.0,https://boxd.it/8cn3H1,5.0,,"seb, alone</3",2024-12-27,[99],en,78,"[228, 224, 217, 179, 178, 173, 93, 85, 81]",['Documentary'],English,2,200.98422986014407,-8.454386623634388
72,2024-12-29,Twilight,2008.0,https://boxd.it/8de5w1,5.0,,james,2024-12-28,"[14, 18, 10749]",en,122,"[103, 82, 73, 15, 5, 5, 1, 0, 0]","['Fantasy', 'Drama', 'Romance']",English,4,-203.01522955456835,-21.244059131949026
73,2024-12-30,Climax,2018.0,https://boxd.it/8eiZvl,4.0,,"seb, alone</3",2024-12-29,"[27, 18]",fr,97,"[156, 79, 53, 89, 26, 23, 21, 11, 10]","['Horror', 'Drama']",French,4,-142.20141420149352,48.61570838215737
74,2025-01-01,The Twilight Saga: New Moon,2009.0,https://boxd.it/8g0gIr,2.5,Yes,"seb, james",2024-12-31,"[12, 14, 18, 10749]",en,131,"[111, 85, 57, 53, 36, 19, 23, 12, 5]","['Adventure', 'Fantasy', 'Drama', 'Romance']",English,4,-162.27633610980618,12.65147265340569
75,2025-01-02,Cuckoo,2024.0,https://boxd.it/8h3leh,3.5,,"seb, alone</3",2025-01-01,"[27, 9648, 53]",en,103,"[188, 176, 110, 107, 81, 49, 42, 26, 16]","['Horror', 'Mystery', 'Thriller']",English,6,-26.630399928104225,32.30291843152722
76,2025-01-03,Oldboy,2003.0,https://boxd.it/8hSkNx,4.0,,"seb, alone</3",2025-01-02,"[18, 53, 9648, 28]",ko,120,"[119, 118, 128, 54, 36, 47, 25, 9, 22]","['Drama', 'Thriller', 'Mystery', 'Action']",Korean,3,-108.04272786065593,-33.52104853154148
77,2025-01-04,The Zone of Interest,2023.0,https://boxd.it/8j9XLN,,,"seb, parents",2025-01-03,"[18, 36, 10752]",en,105,"[69, 95, 71, 1, 1, 1, 0, 0, 0]","['Drama', 'History', 'War']",English,4,-217.71640057451788,-39.68535705919312
78,2025-01-04,They Cloned Tyrone,2023.0,https://boxd.it/8jcVwn,,,"seb, alone</3",2025-01-04,"[35, 878, 9648]",en,122,"[229, 163, 9, 181, 109, 26, 54, 24, 7]","['Comedy', 'Science Fiction', 'Mystery']",English,5,-23.72570315449991,154.30750509523423
79,2025-01-05,The Bling Ring,2013.0,https://boxd.it/8kbUUZ,2.5,,"seb, alone</3",2025-01-04,"[18, 80]",en,90,"[252, 252, 37, 254, 254, 1, 129, 123, 64]","['Drama', 'Crime']",English,5,156.64352070552923,210.51112420272702
80,2025-01-06,Gummo,1997.0,https://boxd.it/8lmPQf,4.5,,"seb, alone</3",2025-01-05,"[18, 35]",en,89,"[203, 216, 99, 163, 188, 29, 124, 109, 43]","['Drama', 'Comedy']",English,5,91.26027465948653,103.52477772738243
81,2025-01-09,Raw,2016.0,https://boxd.it/8o62Wj,4.0,,"seb, alone</3",2025-01-09,"[27, 18]",fr,99,"[246, 197, 160, 236, 128, 117, 175, 53, 72]","['Horror', 'Drama']",French,2,161.30406103091093,112.05562526110805
82,2025-01-10,The Watermelon Woman,1996.0,https://boxd.it/8pa3pR,,,"seb, alone</3",2025-01-10,"[18, 35, 10749]",en,85,"[171, 90, 136, 233, 26, 117, 77, 14, 65]","['Drama', 'Comedy', 'Romance']",English,1,13.013231402603765,71.81337468492762
83,2025-01-10,The Twilight Saga: Eclipse,2010.0,https://boxd.it/8pabP9,2.0,Yes,"seb, james",2025-01-10,"[12, 14, 18, 10749]",en,124,"[110, 111, 112, 23, 43, 53, 10, 19, 26]","['Adventure', 'Fantasy', 'Drama', 'Romance']",English,3,-124.65076676693442,-54.95798716223007
84,2025-01-12,Antichrist,2009.0,https://boxd.it/8rp2it,,,"seb, alone</3",2025-01-11,"[18, 27, 53]",en,104,"[72, 33, 39, 24, 0, 6, 0, 0, 0]","['Drama', 'Horror', 'Thriller']",English,4,-239.8066741050376,-7.590173836009063
85,2025-01-13,Infinity Pool,2023.0,https://boxd.it/8rUpWN,3.0,,"seb, alone</3",2025-01-12,"[27, 878]",en,118,"[92, 33, 31, 13, 0, 1, 0, 0, 0]","['Horror', 'Science Fiction']",English,4,-242.97849123244686,-1.5628258467927907
86,2025-01-13,The Twilight Saga: Breaking Dawn – Part 1,2011.0,https://boxd.it/8sv7VL,3.0,Yes,"seb, james",2025-01-12,"[12, 14, 10749]",en,117,"[157, 108, 77, 34, 22, 34, 22, 8, 19]","['Adventure', 'Fantasy', 'Romance']",English,4,-138.97875500442086,-2.5997994367724537
87,2025-01-14,The Twilight Saga: Breaking Dawn – Part 2,2012.0,https://boxd.it/8tfCBz,3.5,Yes,"seb, james",2025-01-13,"[12, 14, 18, 10749]",en,115,"[114, 99, 90, 19, 17, 22, 3, 2, 4]","['Adventure', 'Fantasy', 'Drama', 'Romance']",English,4,-171.9400896840059,-31.043828805533906
88,2025-01-14,Drop Dead Gorgeous,1999.0,https://boxd.it/8tkd0D,4.0,,"seb, alone</3",2025-01-13,[35],en,98,"[254, 254, 254, 228, 221, 222, 70, 45, 46]",['Comedy'],English,2,269.2977344497578,-11.024409827011658
89,2025-01-15,Bird,2024.0,https://boxd.it/8u22lX,4.5,,"seb, parents",2025-01-14,"[18, 14]",en,119,"[164, 212, 203, 57, 136, 122, 19, 78, 67]","['Drama', 'Fantasy']",English,0,65.96336363941157,-97.98293749885099
90,2025-01-15,Suspiria,1977.0,https://boxd.it/8u49ur,4.5,,"seb, alone</3",2025-01-14,[27],it,99,"[146, 101, 106, 51, 0, 6, 0, 0, 0]",['Horror'],Italian,4,-161.58618136247875,-3.120315842444729
91,2025-01-16,The Killing of a Sacred Deer,2017.0,https://boxd.it/8uEE7F,3.5,,"seb, alone</3",2025-01-15,"[18, 53, 9648]",en,121,"[197, 206, 203, 197, 204, 201, 78, 69, 62]","['Drama', 'Thriller', 'Mystery']",English,2,200.5558981485375,-13.027974165278842
92,2025-01-18,Babygirl,2024.0,https://boxd.it/8waKJ9,3.0,,"seb, in theaters, james, james's family",2025-01-17,"[18, 10749]",en,115,"[107, 154, 144, 65, 99, 85, 48, 62, 53]","['Drama', 'Romance']",English,3,-20.77743789938677,-53.651362679333005
93,2025-01-18,Crash,1996.0,https://boxd.it/8weFMv,4.0,,"seb, alone</3",2025-01-18,"[53, 18]",en,100,"[113, 120, 154, 69, 35, 82, 49, 17, 40]","['Thriller', 'Drama']",English,3,-68.84419088425318,-47.78834281388309
94,2025-01-18,Untapped Perfection,2024.0,https://boxd.it/8wfs0Z,5.0,,,2025-01-18,"[18, 35]",en,27,"[181, 205, 182, 114, 99, 101, 36, 19, 19]","['Drama', 'Comedy']",English,6,37.368621418867804,-25.223566876559556
95,2025-01-22,Mulholland Drive,2001.0,https://boxd.it/8zfPBB,5.0,,"scropps, alone</3",2025-01-21,"[53, 18, 9648]",en,147,"[122, 117, 102, 10, 0, 1, 0, 0, 0]","['Thriller', 'Drama', 'Mystery']",English,4,-181.24574966498307,-32.761301159903724
96,2025-01-25,Eraserhead,1977.0,https://boxd.it/8BxVQh,4.0,,"scropps, tay",2025-01-24,"[878, 27]",en,89,"[225, 225, 223, 105, 105, 104, 9, 8, 8]","['Science Fiction', 'Horror']",English,6,60.90011266478581,-45.21209329739952
97,2025-01-26,Sonic the Hedgehog 3,2024.0,https://boxd.it/8CkS9n,3.0,,"scropps, in theaters, tay, ali",2025-01-25,"[28, 878, 35, 10751]",en,110,"[218, 204, 195, 129, 116, 140, 50, 32, 58]","['Action', 'Science Fiction', 'Comedy', 'Family']",English,0,96.45378893581483,-27.123938939980253
98,2025-01-29,Secretary,2002.0,https://boxd.it/8EP0Dj,4.0,,"scropps, alone</3",2025-01-28,"[10749, 18, 35]",en,111,"[255, 255, 255, 255, 255, 252, 120, 78, 59]","['Romance', 'Drama', 'Comedy']",English,2,330.1479665397622,7.730570354269435
99,2025-01-30,King Knight,2021.0,https://boxd.it/8FAqV3,3.0,,"scropps, audrey",2025-01-30,[35],en,78,"[227, 227, 230, 105, 107, 141, 39, 13, 72]",['Comedy'],English,0,103.08634240379115,-63.19634729078191
100,2025-01-31,Bottoms,2023.0,https://boxd.it/8G9U8Z,4.5,Yes,"scropps, tay",2025-01-30,[35],en,91,"[245, 245, 245, 237, 239, 238, 129, 108, 104]",['Comedy'],English,2,318.27329326662556,-0.21916428375191543
101,2025-02-02,Companion,2025.0,https://boxd.it/8HIE5z,4.0,,"scropps, in theaters, paris, tay, daisy, grace",2025-02-01,"[27, 878, 53]",en,97,"[180, 137, 117, 132, 82, 64, 67, 37, 24]","['Horror', 'Science Fiction', 'Thriller']",English,6,-14.480360246556984,44.74553543144771
102,2025-02-08,But I'm a Cheerleader,1999.0,https://boxd.it/8LBTFT,5.0,Yes,"scropps, tay",2025-02-07,"[35, 10749]",en,85,"[159, 211, 203, 11, 198, 190, 162, 95, 104]","['Comedy', 'Romance']",English,0,150.19814664525063,-111.51807762456454
103,2025-02-09,The Lobster,2015.0,https://boxd.it/8Mqs3P,2.0,,"scropps, tay",2025-02-08,"[35, 18, 10749]",en,119,"[243, 241, 231, 239, 237, 225, 117, 116, 110]","['Comedy', 'Drama', 'Romance']",English,2,305.79632341071505,7.219812934446839
104,2025-02-14,They/Them,2022.0,https://boxd.it/8PtBFB,1.0,,"scropps, tay, hate watch",2025-02-13,"[27, 9648]",en,104,"[130, 138, 148, 44, 58, 76, 23, 24, 38]","['Horror', 'Mystery']",English,3,-65.86794502495644,-61.412234825639246
105,2025-02-15,The Love Witch,2016.0,https://boxd.it/8Q4kJP,4.0,Yes,"scropps, tay",2025-02-14,"[27, 35, 10749]",en,121,"[182, 146, 116, 119, 57, 48, 40, 30, 26]","['Horror', 'Comedy', 'Romance']",English,6,-41.53837117070037,34.454535348279265
106,2025-02-17,Or / Or (Hawick),2018.0,https://boxd.it/8RLS5T,4.0,,"scropps, alone</3, K",2025-02-17,[],fr,10,"[224, 157, 12, 203, 135, 8, 180, 113, 5]",[],French,5,33.88714657716173,214.22031715416514
107,2025-02-22,"Red, White & Royal Blue",2023.0,https://boxd.it/8ULhGb,2.5,,"scropps, tay, hate watch",2025-02-21,"[35, 10749]",en,121,"[203, 171, 141, 91, 59, 44, 29, 19, 18]","['Comedy', 'Romance']",English,6,-35.68520291539318,10.442237396148677
108,2025-03-02,Possibly in Michigan,1983.0,https://boxd.it/8ZUmxh,5.0,,"scropps, tay",2025-03-01,"[27, 10402]",en,12,"[138, 124, 114, 34, 33, 31, 32, 31, 29]","['Horror', 'Music']",English,3,-113.04922675095011,-25.273876230822466
109,2025-03-18,Anyone But You,2023.0,https://boxd.it/9a6dnB,2.0,,"SD, tay, hate watch",2025-03-17,"[10749, 35]",en,103,"[219, 212, 198, 131, 176, 201, 80, 90, 97]","['Romance', 'Comedy']",English,0,182.74979565698396,-48.01751320221217
110,2025-05-09,Heretic,2024.0,https://boxd.it/9E2fGR,3.0,,"alone</3, scropps",2025-05-08,"[27, 53]",en,111,"[107, 76, 56, 27, 18, 11, 10, 7, 3]","['Horror', 'Thriller']",English,4,-192.67305305289352,-4.001638728169844
111,2025-05-11,Sinners,2025.0,https://boxd.it/9FbZ9r,5.0,,"scropps, in theaters, paris, aimee, claire",2025-05-10,"[27, 28, 53]",en,138,"[150, 87, 32, 65, 27, 12, 34, 15, 6]","['Horror', 'Action', 'Thriller']",English,4,-158.23896916553036,51.30996718787177
112,2025-05-15,Ma,2019.0,https://boxd.it/9HuCJR,,,"scropps, tay",2025-05-15,"[27, 53]",en,99,"[135, 119, 92, 68, 64, 53, 33, 28, 32]","['Horror', 'Thriller']",English,3,-86.89628831021395,-3.8950025082186315
113,2025-05-15,Clickbait: Unfollowed,2024.0,https://boxd.it/9HuNNv,2.0,,"scropps, tay",2025-05-15,"[27, 53, 35, 10770]",en,90,"[189, 179, 131, 103, 71, 61, 28, 14, 40]","['Horror', 'Thriller', 'Comedy', 'TV Movie']",English,6,-19.721329530842183,6.46807382516975
120,2025-05-26,I Still Believe,2020.0,https://boxd.it/9O61NR,1.0,,"tay, nyc, hate watch",2025-05-25,"[10402, 18, 10749]",en,115,"[252, 251, 249, 238, 232, 229, 135, 97, 83]","['Music', 'Drama', 'Romance']",English,2,311.7276128616143,9.623696314895476
121,2025-05-26,Despicable Me 4,2024.0,https://boxd.it/9O67XD,2.5,,"tay, nyc",2025-05-25,"[10751, 35, 16, 878]",en,94,"[184, 119, 116, 118, 47, 107, 32, 3, 137]","['Family', 'Comedy', 'Animation', 'Science Fiction']",English,6,-14.25702481408024,-8.284328865575292
122,2025-05-27,The Florida Project,2017.0,https://boxd.it/9OOJ4f,4.5,,"tay, airplane",2025-05-26,[18],en,112,"[152, 169, 173, 85, 141, 163, 54, 79, 90]",['Drama'],English,0,80.49031264194838,-76.09853490222613
123,2025-05-29,Get Out,2017.0,https://boxd.it/9PRaER,5.0,Yes,"tay, dublin",2025-05-28,"[9648, 53, 27]",en,104,"[255, 255, 255, 174, 174, 174, 29, 29, 29]","['Mystery', 'Thriller', 'Horror']",English,0,191.72071693569768,-35.55550684416166
124,2025-05-30,Final Destination,2000.0,https://boxd.it/9QvM7h,3.0,,"tay, dublin",2025-05-30,[27],en,98,"[167, 155, 147, 18, 27, 26, 2, 7, 8]",['Horror'],English,3,-109.687345778734,-47.407007569637415
125,2025-05-31,Final Destination 2,2003.0,https://boxd.it/9R1lVX,2.0,,"tay, dublin",2025-05-30,"[27, 9648]",en,90,"[110, 133, 177, 30, 49, 103, 3, 5, 17]","['Horror', 'Mystery']",English,3,-74.10489426506496,-103.69049356782466
126,2025-06-01,Pearl,2022.0,https://boxd.it/9RBtyT,4.0,Yes,"tay, dublin",2025-05-31,"[27, 53]",en,102,"[167, 144, 127, 171, 41, 33, 72, 12, 12]","['Horror', 'Thriller']",English,1,-36.89437141662086,74.24744235470308
127,2025-06-02,Uglies,2024.0,https://boxd.it/9SmhzT,0.5,,"tay, dublin, hate watch",2025-06-01,"[878, 12, 28]",en,100,"[236, 212, 198, 139, 112, 117, 34, 25, 31]","['Science Fiction', 'Adventure', 'Action']",English,6,86.42295711231662,-8.901441815169441
128,2025-06-04,The Hunger Games,2012.0,https://boxd.it/9TAT6H,3.0,,"tay, dublin",2025-06-03,"[878, 12, 28, 53]",en,142,"[180, 116, 62, 58, 14, 11, 21, 4, 4]","['Science Fiction', 'Adventure', 'Action', 'Thriller']",English,4,-143.76177685071556,37.409892008985295
129,2025-06-04,The Hunger Games: Catching Fire,2013.0,https://boxd.it/9TG7TX,3.5,,"tay, dublin",2025-06-04,"[12, 28, 878]",en,146,"[147, 75, 49, 50, 9, 8, 15, 2, 2]","['Adventure', 'Action', 'Science Fiction']",English,4,-181.0574039089782,29.7769387023351
130,2025-06-04,The Hunger Games: Mockingjay – Part 1,2014.0,https://boxd.it/9TGdY5,2.5,,"tay, dublin",2025-06-04,"[878, 12, 53]",en,123,"[212, 144, 78, 103, 31, 14, 25, 3, 2]","['Science Fiction', 'Adventure', 'Thriller']",English,1,-93.35904478313708,65.99485586574892
131,2025-06-05,The Hunger Games: Mockingjay – Part 2,2015.0,https://boxd.it/9Ubb7b,3.0,,"tay, dublin",2025-06-04,"[28, 12, 878]",en,137,"[227, 125, 54, 109, 14, 6, 21, 1, 1]","['Action', 'Adventure', 'Science Fiction']",English,1,-114.64017873658966,89.45811109948164
132,2025-06-06,The Hunger Games: The Ballad of Songbirds & Snakes,2023.0,https://boxd.it/9ULygd,3.0,,"tay, dublin",2025-06-06,"[18, 878, 12, 28]",en,157,"[211, 166, 120, 126, 67, 31, 55, 22, 10]","['Drama', 'Science Fiction', 'Adventure', 'Action']",English,6,-26.51222804818036,59.594760129733096
133,2025-06-06,Daisy: Prophet of the Apocalypse,2023.0,https://boxd.it/9ULzZ9,5.0,,"dublin, imma",2025-06-06,[],en,20,"[252, 252, 251, 213, 204, 191, 121, 82, 68]",[],English,2,264.7600865609539,6.355052936968942
134,2025-06-09,Don't Worry Darling,2022.0,https://boxd.it/9Wx9wP,2.0,,"tay, dublin",2025-06-08,"[878, 9648, 53]",en,123,"[211, 225, 237, 132, 175, 214, 62, 85, 114]","['Science Fiction', 'Mystery', 'Thriller']",English,0,202.22883487619146,-83.8667803405681
135,2025-06-18,Opus,2025.0,https://boxd.it/a2dT4r,2.0,,"airplane, alone</3",2025-06-17,"[27, 9648, 53]",en,104,"[132, 109, 94, 75, 19, 17, 107, 1, 3]","['Horror', 'Mystery', 'Thriller']",English,1,-118.65894779189051,43.11522280609481
136,2025-06-24,Flushed Away,2006.0,https://boxd.it/a6lr6L,3.0,,"seb, rachel",2025-06-23,"[12, 16, 35, 10751]",en,84,"[253, 253, 254, 240, 248, 253, 134, 143, 150]","['Adventure', 'Animation', 'Comedy', 'Family']",English,2,356.4569514792417,-12.717883865871608
137,2025-06-24,House,1977.0,https://boxd.it/a6x5xJ,4.0,,"seb, alone</3",2025-06-23,[35],it,106,"[227, 198, 125, 162, 177, 194, 129, 114, 127]",['Comedy'],Italian,2,186.74781455441962,23.470127552550814
138,2025-06-25,Barbarian,2022.0,https://boxd.it/a7aSZZ,3.0,,"seb, alone</3",2025-06-24,"[27, 53]",en,102,"[141, 23, 23, 186, 1, 1, 180, 0, 1]","['Horror', 'Thriller']",English,1,-129.17312568671372,183.23785354684648
139,2025-07-08,Sinners,2025.0,https://boxd.it/ag0u39,5.0,Yes,"seb, bee",2025-07-07,"[27, 28, 53]",en,138,"[150, 87, 32, 65, 27, 12, 34, 15, 6]","['Horror', 'Action', 'Thriller']",English,4,-158.23896916553036,51.30996718787177
140,2025-07-12,Materialists,2025.0,https://boxd.it/aiRecj,2.0,,"seb, in theaters, rachel, bee",2025-07-11,"[10749, 18]",en,116,"[253, 253, 250, 202, 188, 173, 52, 48, 51]","['Romance', 'Drama']",English,2,218.93082980179037,-12.783824134694969
141,2025-07-13,Superman,2025.0,https://boxd.it/ajv5Rx,4.5,,"seb, in theaters, james, james's entire family",2025-07-12,"[878, 12, 28]",en,130,"[245, 240, 230, 125, 77, 90, 74, 7, 13]","['Science Fiction', 'Adventure', 'Action']",English,6,78.94432943470798,-4.145977758888314
142,2025-07-27,Omni Loop,2024.0,https://boxd.it/auSMot,2.0,,airplane,2025-07-27,"[878, 18]",en,111,"[157, 180, 190, 46, 81, 106, 17, 31, 47]","['Science Fiction', 'Drama']",English,3,-2.5816180591277202,-89.28138357071109
143,2025-07-27,Mickey 17,2025.0,https://boxd.it/auSPkT,4.0,,airplane,2025-07-27,"[878, 35, 12]",en,137,"[110, 106, 78, 30, 43, 35, 9, 23, 21]","['Science Fiction', 'Comedy', 'Adventure']",English,4,-143.74336878274514,-26.555992252471057
145,2025-08-07,Mysterious Skin,2004.0,https://boxd.it/aDrV5d,4.5,,"alone</3, dublin",2025-08-06,[18],en,105,"[207, 194, 183, 246, 66, 78, 40, 16, 19]",['Drama'],English,6,64.62365808433049,72.72855779684932
146,2025-08-09,Weapons,2025.0,https://boxd.it/aEJeY5,4.5,,"dublin, with mom, lighthouse cinema",2025-08-08,"[27, 9648]",en,129,"[26, 84, 97, 6, 27, 38, 6, 8, 16]","['Horror', 'Mystery']",English,4,-188.89727199697782,-78.34480522424579
147,2025-08-11,Videodrome,1983.0,https://boxd.it/aGCf1R,3.5,,"alone</3, dingle",2025-08-11,"[27, 878, 9648]",en,88,"[151, 194, 228, 39, 84, 149, 7, 13, 38]","['Horror', 'Science Fiction', 'Mystery']",English,0,23.103641148580152,-133.08854768956823
148,2025-08-15,Donnie Darko,2001.0,https://boxd.it/aJv09p,4.0,,"with mom, dingle",2025-08-14,"[14, 18, 9648]",en,114,"[53, 100, 126, 2, 0, 1, 0, 0, 0]","['Fantasy', 'Drama', 'Mystery']",English,4,-201.84203366038986,-71.50995720185023
149,2025-08-23,Speak No Evil,2024.0,https://boxd.it/aPjX1J,2.5,,"alone</3, airplane",2025-08-22,"[27, 53]",en,110,"[118, 95, 78, 18, 1, 2, 16, 0, 1]","['Horror', 'Thriller']",English,4,-190.66045737513403,-11.513482831351967
150,2025-08-23,Apartment 7A,2024.0,https://boxd.it/aPjYBj,1.5,,"alone</3, airplane",2025-08-22,"[27, 53]",en,106,"[114, 161, 117, 62, 95, 66, 16, 22, 17]","['Horror', 'Thriller']",English,3,-60.22142415117244,-37.610988784246565
151,2025-08-23,I Know What You Did Last Summer,1997.0,https://boxd.it/aPkbBh,4.0,,"alone</3, airplane",2025-08-22,"[27, 53, 9648]",en,102,"[95, 150, 199, 10, 33, 58, 8, 9, 14]","['Horror', 'Thriller', 'Mystery']",English,3,-97.57239545631651,-112.8165950103458
152,2025-08-31,The Kissing Booth,2018.0,https://boxd.it/aVaKff,0.5,,"seb, rachel",2025-08-30,"[10749, 35]",en,105,"[225, 223, 170, 92, 200, 219, 83, 98, 120]","['Romance', 'Comedy']",English,0,190.60955234785337,-66.3169393542336
153,2025-08-31,KPop Demon Hunters,2025.0,https://boxd.it/aVaUKn,4.0,,"seb, rachel",2025-08-30,"[14, 10402, 35, 16]",en,96,"[176, 191, 234, 151, 130, 212, 75, 57, 151]","['Fantasy', 'Music', 'Comedy', 'Animation']",English,0,169.4239711252216,-81.78778059232748
154,2025-08-31,Challengers,2024.0,https://boxd.it/aVaW9t,3.5,Yes,"seb, rachel, bee",2025-08-30,"[18, 10749]",en,132,"[201, 171, 148, 135, 110, 98, 78, 54, 44]","['Drama', 'Romance']",English,6,53.28112695275644,23.533637002504264
155,2025-09-14,Hamilton,2020.0,https://boxd.it/b49JWB,,,"in theaters, seb, rachel",2025-09-14,"[36, 18]",en,160,"[237, 201, 100, 212, 163, 32, 144, 99, 7]","['History', 'Drama']",English,5,98.81203694619552,156.67080358572773
156,2025-09-14,The Mortal Instruments: City of Bones,2013.0,https://boxd.it/b49NgJ,2.0,,"seb, rachel",2025-09-14,"[14, 28, 9648]",en,130,"[177, 169, 150, 71, 62, 52, 8, 6, 4]","['Fantasy', 'Action', 'Mystery']",English,3,-53.86745468706866,-22.267762947575775
157,2025-09-14,Conclave,2024.0,https://boxd.it/b49R1X,3.5,,"seb, rachel",2025-09-14,"[18, 53]",en,120,"[215, 222, 216, 154, 168, 172, 25, 7, 4]","['Drama', 'Thriller']",English,0,133.40492783663495,-36.24981055942505
158,2025-09-15,The Long Walk,2025.0,https://boxd.it/b4JbXH,4.0,,"seb, in theaters, james, james's entire family",2025-09-14,"[53, 27, 878]",en,108,"[183, 165, 142, 105, 83, 68, 24, 24, 27]","['Thriller', 'Horror', 'Science Fiction']",English,6,-14.983333421335317,-0.745646357681256
159,2025-09-29,Honey Don't!,2025.0,https://boxd.it/bd5p3z,2.0,,"alone</3, sb",2025-09-28,"[35, 80]",en,89,"[255, 237, 212, 245, 240, 218, 131, 130, 116]","['Comedy', 'Crime']",English,2,309.363300976488,30.666811480708823
160,2025-10-12,Helter Skelter,2012.0,https://boxd.it/blhS2h,4.5,,"alone</3, sb",2025-10-11,"[18, 27]",ja,127,"[205, 138, 100, 157, 32, 35, 85, 12, 15]","['Drama', 'Horror']",Japanese,1,-41.995780341619195,95.43354131973012
161,2025-10-24,Frankenstein,2025.0,https://boxd.it/btbm9l,3.5,,"felix, gevher, yaroslav, sb, in theaters",2025-10-23,"[18, 27, 14]",en,150,"[136, 124, 91, 59, 39, 34, 38, 18, 20]","['Drama', 'Horror', 'Fantasy']",English,4,-111.56027820182914,2.5115845250155466
